date,asset_a,asset_b,asset_c,asset_d
2020-01-01,0.00020000,0.00080000,0.00087306,0.00088206
2020-01-02,0.00027978,0.00076783,0.00091344,0.00090703
2020-01-03,0.00033800,0.00073214,0.00092948,0.00092885
2020-01-04,0.00037742,0.00069410,0.00092926,0.00094687
2020-01-05,0.00040272,0.00065482,0.00092411,0.00096043
2020-01-06,0.00041991,0.00061533,0.00092582,0.00096895
2020-01-07,0.00043558,0.00057649,0.00094366,0.00097191
2020-01-08,0.00045612,0.00053898,0.00098213,0.00096884
2020-01-09,0.00048697,0.00050331,0.00103981,0.00095940
2020-01-10,0.00053191,0.00046974,0.00110967,0.00094329
2020-01-11,0.00059261,0.00043836,0.00118078,0.00092034
2020-01-12,0.00066841,0.00040902,0.00124096,0.00089049
2020-01-13,0.00075632,0.00038138,0.00127974,0.00085377
2020-01-14,0.00085129,0.00035492,0.00129091,0.00081033
2020-01-15,0.00094676,0.00032898,0.00127405,0.00076043
2020-01-16,0.00103535,0.00030281,0.00123458,0.00070441
2020-01-17,0.00110961,0.00027557,0.00118248,0.00064275
2020-01-18,0.00116286,0.00024639,0.00112980,0.00057598
2020-01-19,0.00118989,0.00021446,0.00108774,0.00050474
2020-01-20,0.00118753,0.00017901,0.00106391,0.00042973
2020-01-21,0.00115503,0.00013938,0.00106047,0.00035170
2020-01-22,0.00109410,0.00009508,0.00107361,0.00027146
2020-01-23,0.00100879,0.00004577,0.00109452,0.00018985
2020-01-24,0.00090501,-0.00000865,0.00111153,0.00010772
2020-01-25,0.00078996,-0.00006809,0.00111304,0.00002592
2020-01-26,0.00067136,-0.00013219,0.00109032,-0.00005470
2020-01-27,0.00055660,-0.00020040,0.00103975,-0.00013334
2020-01-28,0.00045203,-0.00027192,0.00096368,-0.00020922
2020-01-29,0.00036229,-0.00034577,0.00086992,-0.00028164
2020-01-30,0.00028983,-0.00042079,0.00076984,-0.00034994
2020-01-31,0.00023475,-0.00049568,0.00067567,-0.00041357
2020-02-01,0.00019483,-0.00056907,0.00059750,-0.00047205
2020-02-02,0.00016581,-0.00063951,0.00054088,-0.00052500
2020-02-03,0.00014201,-0.00070558,0.00050551,-0.00057213
2020-02-04,0.00011694,-0.00076589,0.00048534,-0.00061328
2020-02-05,0.00008415,-0.00081915,0.00047013,-0.00064838
2020-02-06,0.00003801,-0.00086423,0.00044800,-0.00067746
2020-02-07,-0.00002563,-0.00090015,0.00040838,-0.00070066
2020-02-08,-0.00010887,-0.00092616,0.00034468,-0.00071823
2020-02-09,-0.00021148,-0.00094178,0.00025591,-0.00073049
2020-02-10,-0.00033083,-0.00094673,0.00014705,-0.00073785
2020-02-11,-0.00046210,-0.00094105,0.00002783,-0.00074079
2020-02-12,-0.00059879,-0.00092501,-0.00008956,-0.00073987
2020-02-13,-0.00073332,-0.00089915,-0.00019343,-0.00073567
2020-02-14,-0.00085782,-0.00086423,-0.00027534,-0.00072881
2020-02-15,-0.00096496,-0.00082122,-0.00033216,-0.00071995
2020-02-16,-0.00104865,-0.00077125,-0.00036675,-0.00070973
2020-02-17,-0.00110473,-0.00071559,-0.00038721,-0.00069879
2020-02-18,-0.00113133,-0.00065557,-0.00040484,-0.00068776
2020-02-19,-0.00112909,-0.00059256,-0.00043131,-0.00067722
2020-02-20,-0.00110102,-0.00052791,-0.00047575,-0.00066769
2020-02-21,-0.00105214,-0.00046291,-0.00054247,-0.00065965
2020-02-22,-0.00098898,-0.00039874,-0.00062984,-0.00065348
2020-02-23,-0.00091876,-0.00033643,-0.00073065,-0.00064952
2020-02-24,-0.00084865,-0.00027682,-0.00083381,-0.00064799
2020-02-25,-0.00078499,-0.00022057,-0.00092703,-0.00064901
2020-02-26,-0.00073255,-0.00016812,-0.00099979,-0.00065265
2020-02-27,-0.00069409,-0.00011965,-0.00104586,-0.00065882
2020-02-28,-0.00067003,-0.00007516,-0.00106479,-0.00066740
2020-02-29,-0.00065846,-0.00003441,-0.00106197,-0.00067812
2020-03-01,-0.00065540,0.00000300,-0.00104731,-0.00069066
2020-03-02,-0.00065523,0.00003767,-0.00103276,-0.00070460
2020-03-03,-0.00065142,0.00007029,-0.00102933,-0.00071946
2020-03-04,-0.00063726,0.00010165,-0.00104443,-0.00073469
2020-03-05,-0.00060669,0.00013258,-0.00107996,-0.00074970
2020-03-06,-0.00055499,0.00016390,-0.00113189,-0.00076387
2020-03-07,-0.00047941,0.00019640,-0.00119120,-0.00077652
2020-03-08,-0.00037950,0.00023075,-0.00124606,-0.00078701
2020-03-09,-0.00025727,0.00026750,-0.00128476,-0.00079468
2020-03-10,-0.00011702,0.00030705,-0.00129854,-0.00079888
2020-03-11,0.00003504,0.00034959,-0.00128373,-0.00079904
2020-03-12,0.00019143,0.00039511,-0.00124266,-0.00079458
2020-03-13,0.00034411,0.00044337,-0.00118311,-0.00078503
2020-03-14,0.00048531,0.00049393,-0.00111637,-0.00076997
2020-03-15,0.00060830,0.00054612,-0.00105454,-0.00074906
2020-03-16,0.00070808,0.00059910,-0.00100754,-0.00072206
2020-03-17,0.00078182,0.00065185,-0.00098071,-0.00068884
2020-03-18,0.00082915,0.00070322,-0.00097355,-0.00064936
2020-03-19,0.00085210,0.00075197,-0.00097981,-0.00060367
2020-03-20,0.00085484,0.00079683,-0.00098913,-0.00055196
2020-03-21,0.00084315,0.00083650,-0.00098951,-0.00049450
2020-03-22,0.00082374,0.00086976,-0.00097038,-0.00043167
2020-03-23,0.00080348,0.00089548,-0.00092514,-0.00036397
2020-03-24,0.00078859,0.00091264,-0.00085287,-0.00029194
2020-03-25,0.00078389,0.00092044,-0.00075857,-0.00021623
2020-03-26,0.00079233,0.00091828,-0.00065198,-0.00013757
2020-03-27,0.00081456,0.00090580,-0.00054528,-0.00005671
2020-03-28,0.00084887,0.00088288,-0.00045009,0.00002552
2020-03-29,0.00089141,0.00084968,-0.00037473,0.00010828
2020-03-30,0.00093656,0.00080662,-0.00032220,0.00019072
2020-03-31,0.00097759,0.00075438,-0.00028954,0.00027199
2020-04-01,0.00100741,0.00069385,-0.00026855,0.00035124
2020-04-02,0.00101935,0.00062613,-0.00024792,0.00042767
2020-04-03,0.00100797,0.00055250,-0.00021599,0.00050051
2020-04-04,0.00096963,0.00047435,-0.00016373,0.00056907
2020-04-05,0.00090298,0.00039313,-0.00008695,0.00063271
2020-04-06,0.00080915,0.00031036,0.00001258,0.00069089
2020-04-07,0.00069165,0.00022750,0.00012752,0.00074313
2020-04-08,0.00055606,0.00014595,0.00024669,0.00078909
2020-04-09,0.00040946,0.00006702,0.00035775,0.00082851
2020-04-10,0.00025976,-0.00000817,0.00045017,0.00086123
2020-04-11,0.00011483,-0.00007865,0.00051773,0.00088721
2020-04-12,-0.00001825,-0.00014371,0.00056004,0.00090652
2020-04-13,-0.00013389,-0.00020282,0.00058248,0.00091932
2020-04-14,-0.00022857,-0.00025572,0.00059495,0.00092590
2020-04-15,-0.00030112,-0.00030238,0.00060930,0.00092659
2020-04-16,-0.00035278,-0.00034299,0.00063641,0.00092186
2020-04-17,-0.00038699,-0.00037795,0.00068348,0.00091223
2020-04-18,-0.00040893,-0.00040783,0.00075222,0.00089826
2020-04-19,-0.00042488,-0.00043336,0.00083838,0.00088059
2020-04-20,-0.00044148,-0.00045536,0.00093273,0.00085988
2020-04-21,-0.00046487,-0.00047472,0.00102333,0.00083682
2020-04-22,-0.00050000,-0.00049232,0.00109835,0.00081209
2020-04-23,-0.00055003,-0.00050903,0.00114897,0.00078638
2020-04-24,-0.00061587,-0.00052565,0.00117151,0.00076035
2020-04-25,-0.00069607,-0.00054284,0.00116828,0.00073462
2020-04-26,-0.00078693,-0.00056113,0.00114699,0.00070976
2020-04-27,-0.00088285,-0.00058087,0.00111886,0.00068627
2020-04-28,-0.00097690,-0.00060219,0.00109582,0.00066461
2020-04-29,-0.00106159,-0.00062505,0.00108761,0.00064511
2020-04-30,-0.00112965,-0.00064915,0.00109933,0.00062807
2020-05-01,-0.00117480,-0.00067403,0.00113024,0.00061364
2020-05-02,-0.00119244,-0.00069902,0.00117389,0.00060192
2020-05-03,-0.00118017,-0.00072328,0.00121970,0.00059288
2020-05-04,-0.00113806,-0.00074584,0.00125559,0.00058641
2020-05-05,-0.00106860,-0.00076566,0.00127087,0.00058231
2020-05-06,-0.00097651,-0.00078162,0.00125894,0.00058028
2020-05-07,-0.00086820,-0.00079262,0.00121885,0.00057995
2020-05-08,-0.00075114,-0.00079759,0.00115561,0.00058087
2020-05-09,-0.00063302,-0.00079554,0.00107890,0.00058253
2020-05-10,-0.00052097,-0.00078564,0.00100081,0.00058438
2020-05-11,-0.00042085,-0.00076721,0.00093284,0.00058582
2020-05-12,-0.00033660,-0.00073978,0.00088311,0.00058623
2020-05-13,-0.00026995,-0.00070311,0.00085447,0.00058499
2020-05-14,-0.00022018,-0.00065722,0.00084373,0.00058146
2020-05-15,-0.00018438,-0.00060238,0.00084258,0.00057505
2020-05-16,-0.00015775,-0.00053910,0.00083958,0.00056519
2020-05-17,-0.00013426,-0.00046815,0.00082305,0.00055135
2020-05-18,-0.00010735,-0.00039053,0.00078396,0.00053309
2020-05-19,-0.00007075,-0.00030742,0.00071817,0.00050999
2020-05-20,-0.00001925,-0.00022017,0.00062754,0.00048176
2020-05-21,0.00005069,-0.00013023,0.00051944,0.00044818
2020-05-22,0.00014042,-0.00003915,0.00040509,0.00040913
2020-05-23,0.00024891,0.00005153,0.00029680,0.00036458
2020-05-24,0.00037278,0.00014028,0.00020503,0.00031462
2020-05-25,0.00050662,0.00022563,0.00013590,0.00025944
2020-05-26,0.00064346,0.00030628,0.00008972,0.00019933
2020-05-27,0.00077557,0.00038104,0.00006101,0.00013467
2020-05-28,0.00089514,0.00044896,0.00003985,0.00006597
2020-05-29,0.00099519,0.00050927,0.00001440,-0.00000622
2020-05-30,0.00107019,0.00056149,-0.00002613,-0.00008125
2020-05-31,0.00111670,0.00060536,-0.00008883,-0.00015840
2020-06-01,0.00113367,0.00064087,-0.00017522,-0.00023690
2020-06-02,0.00112253,0.00066826,-0.00028091,-0.00031596
2020-06-03,0.00108701,0.00068799,-0.00039654,-0.00039472
2020-06-04,0.00103269,0.00070071,-0.00051005,-0.00047235
2020-06-05,0.00096641,0.00070722,-0.00060957,-0.00054801
2020-06-06,0.00089546,0.00070846,-0.00068627,-0.00062087
2020-06-07,0.00082683,0.00070543,-0.00073649,-0.00069015
2020-06-08,0.00076640,0.00069916,-0.00076253,-0.00075511
2020-06-09,0.00071835,0.00069067,-0.00077209,-0.00081506
2020-06-10,0.00068467,0.00068090,-0.00077632,-0.00086940
2020-06-11,0.00066502,0.00067069,-0.00078702,-0.00091761
2020-06-12,0.00065677,0.00066077,-0.00081375,-0.00095926
2020-06-13,0.00065533,0.00065165,-0.00086141,-0.00099402
2020-06-14,0.00065471,0.00064368,-0.00092901,-0.00102166
2020-06-15,0.00064824,0.00063699,-0.00100989,-0.00104208
2020-06-16,0.00062933,0.00063152,-0.00109330,-0.00105525
2020-06-17,0.00059227,0.00062698,-0.00116700,-0.00106130
2020-06-18,0.00053294,0.00062289,-0.00122026,-0.00106042
2020-06-19,0.00044932,0.00061862,-0.00124640,-0.00105292
2020-06-20,0.00034177,0.00061338,-0.00124447,-0.00103921
2020-06-21,0.00021306,0.00060630,-0.00121943,-0.00101977
2020-06-22,0.00006819,0.00059643,-0.00118090,-0.00099517
2020-06-23,-0.00008616,0.00058282,-0.00114085,-0.00096602
2020-06-24,-0.00024222,0.00056454,-0.00111060,-0.00093300
2020-06-25,-0.00039196,0.00054074,-0.00109809,-0.00089681
2020-06-26,-0.00052787,0.00051069,-0.00110590,-0.00085818
2020-06-27,-0.00064371,0.00047381,-0.00113065,-0.00081785
2020-06-28,-0.00073516,0.00042974,-0.00116380,-0.00077653
2020-06-29,-0.00080018,0.00037831,-0.00119378,-0.00073494
2020-06-30,-0.00083919,0.00031958,-0.00120882,-0.00069372
2020-07-01,-0.00085497,0.00025389,-0.00119983,-0.00065350
2020-07-02,-0.00085228,0.00018179,-0.00116270,-0.00061483
2020-07-03,-0.00083730,0.00010407,-0.00109925,-0.00057818
2020-07-04,-0.00081688,0.00002176,-0.00101688,-0.00054395
2020-07-05,-0.00079775,-0.00006396,-0.00092674,-0.00051245
2020-07-06,-0.00078574,-0.00015174,-0.00084106,-0.00048390
2020-07-07,-0.00078513,-0.00024013,-0.00077017,-0.00045841
2020-07-08,-0.00079813,-0.00032760,-0.00072001,-0.00043599
2020-07-09,-0.00082461,-0.00041261,-0.00069073,-0.00041658
2020-07-10,-0.00086214,-0.00049368,-0.00067670,-0.00040000
2020-07-11,-0.00090622,-0.00056938,-0.00066788,-0.00038598
2020-07-12,-0.00095080,-0.00063843,-0.00065239,-0.00037419
2020-07-13,-0.00098893,-0.00069972,-0.00061944,-0.00036421
2020-07-14,-0.00101358,-0.00075232,-0.00056202,-0.00035556
2020-07-15,-0.00101841,-0.00079557,-0.00047867,-0.00034770
2020-07-16,-0.00099849,-0.00082902,-0.00037389,-0.00034008
2020-07-17,-0.00095092,-0.00085253,-0.00025709,-0.00033209
2020-07-18,-0.00087513,-0.00086618,-0.00014036,-0.00032313
2020-07-19,-0.00077305,-0.00087031,-0.00003556,-0.00031260
2020-07-20,-0.00064892,-0.00086550,0.00004856,-0.00029992
2020-07-21,-0.00050889,-0.00085252,0.00010838,-0.00028453
2020-07-22,-0.00036039,-0.00083233,0.00014629,-0.00026593
2020-07-23,-0.00021141,-0.00080601,0.00017004,-0.00024367
2020-07-24,-0.00006964,-0.00077471,0.00019074,-0.00021738
2020-07-25,0.00005825,-0.00073963,0.00022015,-0.00018676
2020-07-26,0.00016731,-0.00070197,0.00026767,-0.00015159
2020-07-27,0.00025475,-0.00066287,0.00033805,-0.00011177
2020-07-28,0.00032021,-0.00062334,0.00043011,-0.00006728
2020-07-29,0.00036568,-0.00058431,0.00053702,-0.00001820
2020-07-30,0.00039523,-0.00054648,0.00064789,0.00003528
2020-07-31,0.00041449,-0.00051040,0.00075039,0.00009287
2020-08-01,0.00042993,-0.00047640,0.00083373,0.00015419
2020-08-02,0.00044811,-0.00044458,0.00089122,0.00021875
2020-08-03,0.00047488,-0.00041484,0.00092191,0.00028599
2020-08-04,0.00051465,-0.00038689,0.00093073,0.00035529
2020-08-05,0.00056987,-0.00036024,0.00092727,0.00042593
2020-08-06,0.00064069,-0.00033425,0.00092337,0.00049717
2020-08-07,0.00072489,-0.00030820,0.00093020,0.00056822
2020-08-08,0.00081810,-0.00028124,0.00095550,0.00063827
2020-08-09,0.00091421,-0.00025253,0.00100159,0.00070649
2020-08-10,0.00100603,-0.00022122,0.00106488,0.00077208
2020-08-11,0.00108604,-0.00018655,0.00113661,0.00083423
2020-08-12,0.00114722,-0.00014781,0.00120505,0.00089220
2020-08-13,0.00118377,-0.00010449,0.00125832,0.00094527
2020-08-14,0.00119176,-0.00005622,0.00128727,0.00099279
2020-08-15,0.00116960,-0.00000284,0.00128775,0.00103420
2020-08-16,0.00111813,0.00005560,0.00126156,0.00106902
2020-08-17,0.00104065,0.00011879,0.00121606,0.00109685
2020-08-18,0.00094248,0.00018622,0.00116232,0.00111740
2020-08-19,0.00083046,0.00025714,0.00111241,0.00113049
2020-08-20,0.00071221,0.00033060,0.00107650,0.00113605
2020-08-21,0.00059534,0.00040548,0.00106032,0.00113412
2020-08-22,0.00048664,0.00048051,0.00106379,0.00112484
2020-08-23,0.00039138,0.00055432,0.00108106,0.00110847
2020-08-24,0.00031283,0.00062548,0.00110195,0.00108535
2020-08-25,0.00025189,0.00069256,0.00111446,0.00105595
2020-08-26,0.00020712,0.00075415,0.00110774,0.00102078
2020-08-27,0.00017492,0.00080894,0.00107478,0.00098046
2020-08-28,0.00015003,0.00085577,0.00101414,0.00093565
2020-08-29,0.00012614,0.00089362,0.00093034,0.00088707
2020-08-30,0.00009672,0.00092170,0.00083279,0.00083546
2020-08-31,0.00005574,0.00093946,0.00073354,0.00078161
2020-09-01,-0.00000151,0.00094659,0.00064434,0.00072627
2020-09-02,-0.00007789,0.00094306,0.00057383,0.00067022
2020-09-03,-0.00017400,0.00092909,0.00052546,0.00061420
2020-09-04,-0.00028801,0.00090517,0.00049672,0.00055891
2020-09-05,-0.00041582,0.00087203,0.00047974,0.00050501
2020-09-06,-0.00055146,0.00083058,0.00046334,0.00045307
2020-09-07,-0.00068763,0.00078193,0.00043578,0.00040361
2020-09-08,-0.00081647,0.00072732,0.00038770,0.00035706
2020-09-09,-0.00093036,0.00066807,0.00031447,0.00031377
2020-09-10,-0.00102272,0.00060556,0.00021736,0.00027397
2020-09-11,-0.00108866,0.00054114,0.00010332,0.00023781
2020-09-12,-0.00112549,0.00047611,-0.00001668,0.00020534
2020-09-13,-0.00113298,0.00041168,-0.00013030,0.00017650
2020-09-14,-0.00111335,0.00034891,-0.00022673,0.00015116
2020-09-15,-0.00107098,0.00028870,-0.00029936,0.00012906
2020-09-16,-0.00101195,0.00023172,-0.00034728,0.00010988
2020-09-17,-0.00094333,0.00017847,-0.00037545,0.00009324
2020-09-18,-0.00087241,0.00012919,-0.00039345,0.00007866
2020-09-19,-0.00080589,0.00008390,-0.00041308,0.00006563
2020-09-20,-0.00074916,0.00004242,-0.00044538,0.00005359
2020-09-21,-0.00070570,0.00000437,-0.00049790,0.00004197
2020-09-22,-0.00067677,-0.00003081,-0.00057281,0.00003016
2020-09-23,-0.00066125,-0.00006378,-0.00066628,0.00001758
2020-09-24,-0.00065582,-0.00009533,-0.00076938,0.00000364
2020-09-25,-0.00065536,-0.00012628,-0.00087025,-0.00001219
2020-09-26,-0.00065357,-0.00015746,-0.00095691,-0.00003043
2020-09-27,-0.00064372,-0.00018966,-0.00102019,-0.00005152
2020-09-28,-0.00061943,-0.00022358,-0.00105590,-0.00007583
2020-09-29,-0.00057544,-0.00025981,-0.00106582,-0.00010367
2020-09-30,-0.00050827,-0.00029877,-0.00105728,-0.00013526
2020-10-01,-0.00041665,-0.00034069,-0.00104125,-0.00017072
2020-10-02,-0.00030175,-0.00038561,-0.00102969,-0.00021006
2020-10-03,-0.00016711,-0.00043335,-0.00103255,-0.00025323
2020-10-04,-0.00001833,-0.00048348,-0.00105534,-0.00030004
2020-10-05,0.00013747,-0.00053541,-0.00109774,-0.00035022
2020-10-06,0.00029233,-0.00058830,-0.00115367,-0.00040341
2020-10-07,0.00043832,-0.00064119,-0.00121277,-0.00045914
2020-10-08,0.00056827,-0.00069294,-0.00126289,-0.00051688
2020-10-09,0.00067649,-0.00074232,-0.00129312,-0.00057601
2020-10-10,0.00075939,-0.00078808,-0.00129638,-0.00063587
2020-10-11,0.00081572,-0.00082891,-0.00127122,-0.00069574
2020-10-12,0.00084671,-0.00086357,-0.00122213,-0.00075484
2020-10-13,0.00085584,-0.00089091,-0.00115848,-0.00081241
2020-10-14,0.00084840,-0.00090988,-0.00109221,-0.00086766
2020-10-15,0.00083088,-0.00091965,-0.00103494,-0.00091981
2020-10-16,0.00081016,-0.00091955,-0.00099511,-0.00096810
2020-10-17,0.00079278,-0.00090918,-0.00097597,-0.00101181
2020-10-18,0.00078413,-0.00088838,-0.00097479,-0.00105028
2020-10-19,0.00078784,-0.00085725,-0.00098356,-0.00108291
2020-10-20,0.00080538,-0.00081615,-0.00099094,-0.00110916
2020-10-21,0.00083586,-0.00076571,-0.00098514,-0.00112860
2020-10-22,0.00087612,-0.00070679,-0.00095680,-0.00114088
2020-10-23,0.00092109,-0.00064044,-0.00090129,-0.00114576
2020-10-24,0.00096434,-0.00056790,-0.00081995,-0.00114310
2020-10-25,0.00099882,-0.00049055,-0.00071976,-0.00113287
2020-10-26,0.00101762,-0.00040984,-0.00061167,-0.00111516
2020-10-27,0.00101480,-0.00032726,-0.00050801,-0.00109016
2020-10-28,0.00098604,-0.00024430,-0.00041947,-0.00105817
2020-10-29,0.00092916,-0.00016238,-0.00035257,-0.00101959
2020-10-30,0.00084444,-0.00008282,-0.00030808,-0.00097490
2020-10-31,0.00073457,-0.00000678,-0.00028094,-0.00092470
2020-11-01,0.00060448,0.00006473,-0.00026149,-0.00086962
2020-11-02,0.00046081,0.00013094,-0.00023794,-0.00081038
2020-11-03,0.00031127,0.00019129,-0.00019929,-0.00074772
2020-11-04,0.00016384,0.00024546,-0.00013809,-0.00068244
2020-11-05,0.00002595,0.00029338,-0.00005233,-0.00061536
2020-11-06,-0.00009622,0.00033520,0.00005404,-0.00054727
2020-11-07,-0.00019839,0.00037126,0.00017199,-0.00047898
2020-11-08,-0.00027856,0.00040213,0.00028955,-0.00041126
2020-11-09,-0.00033714,0.00042848,0.00039472,-0.00034485
2020-11-10,-0.00037686,0.00045113,0.00047834,-0.00028043
2020-11-11,-0.00040236,0.00047095,0.00053624,-0.00021861
2020-11-12,-0.00041964,0.00048883,0.00057025,-0.00015993
2020-11-13,-0.00043528,0.00050566,0.00058767,-0.00010484
2020-11-14,-0.00045568,0.00052224,0.00059943,-0.00005370
2020-11-15,-0.00048631,0.00053927,0.00061740,-0.00000678
2020-11-16,-0.00053098,0.00055730,0.00065135,0.00003575
2020-11-17,-0.00059140,0.00057672,0.00070660,0.00007385
2020-11-18,-0.00066696,0.00059772,0.00078261,0.00010753
2020-11-19,-0.00075469,0.00062028,0.00087310,0.00013696
2020-11-20,-0.00084958,0.00064417,0.00096751,0.00016234
2020-11-21,-0.00094511,0.00066894,0.00105360,0.00018401
2020-11-22,-0.00103389,0.00069396,0.00112034,0.00020234
2020-11-23,-0.00110846,0.00071844,0.00116064,0.00021781
2020-11-24,-0.00116213,0.00074144,0.00117301,0.00023092
2020-11-25,-0.00118966,0.00076190,0.00116193,0.00024223
2020-11-26,-0.00118784,0.00077874,0.00113668,0.00025232
2020-11-27,-0.00115586,0.00079084,0.00110911,0.00026180
2020-11-28,-0.00109541,0.00079712,0.00109065,0.00027127
2020-11-29,-0.00101047,0.00079657,0.00108954,0.00028130
2020-11-30,-0.00090696,0.00078833,0.00110881,0.00029246
2020-12-01,-0.00079205,0.00077168,0.00114547,0.00030526
2020-12-02,-0.00067344,0.00074611,0.00119131,0.00032016
2020-12-03,-0.00055855,0.00071133,0.00123483,0.00033755
2020-12-04,-0.00045376,0.00066730,0.00126414,0.00035776
2020-12-05,-0.00036373,0.00061425,0.00126980,0.00038101
2020-12-06,-0.00029096,0.00055263,0.00124718,0.00040745
2020-12-07,-0.00023559,0.00048317,0.00119761,0.00043714
2020-12-08,-0.00019542,0.00040682,0.00112804,0.00047001
2020-12-09,-0.00016626,0.00032472,0.00104938,0.00050592
2020-12-10,-0.00014242,0.00023819,0.00097383,0.00054463
2020-12-11,-0.00011743,0.00014868,0.00091194,0.00058580
2020-12-12,-0.00008483,0.00005770,0.00087005,0.00062900
2020-12-13,-0.00003897,-0.00003318,0.00084874,0.00067373
2020-12-14,0.00002434,-0.00012244,0.00084276,0.00071941
2020-12-15,0.00010723,-0.00020860,0.00084233,0.00076540
2020-12-16,0.00020951,-0.00029031,0.00083558,0.00081101
2020-12-17,0.00032860,-0.00036635,0.00081150,0.00085554
2020-12-18,0.00045971,-0.00043573,0.00076265,0.00089823
2020-12-19,0.00059637,-0.00049764,0.00068710,0.00093835
2020-12-20,0.00073101,-0.00055154,0.00058886,0.00097515
2020-12-21,0.00085575,-0.00059711,0.00047700,0.00100793
2020-12-22,0.00096325,-0.00063431,0.00036350,0.00103601
2020-12-23,0.00104740,-0.00066332,0.00026032,0.00105876
2020-12-24,0.00110399,-0.00068456,0.00017654,0.00107563
2020-12-25,0.00113112,-0.00069865,0.00011623,0.00108614
2020-12-26,0.00112937,-0.00070635,0.00007747,0.00108989
2020-12-27,0.00110171,-0.00070859,0.00005288,0.00108658
2020-12-28,0.00105315,-0.00070635,0.00003152,0.00107602
2020-12-29,0.00099018,-0.00070065,0.00000158,0.00105810
2020-12-30,0.00092002,-0.00069253,-0.00004664,0.00103286
2020-12-31,0.00084985,-0.00068295,-0.00011828,0.00100041
2021-01-01,0.00078603,-0.00067277,-0.00021267,0.00096099
2021-01-02,0.00073336,-0.00066274,-0.00032334,0.00091496
2021-01-03,0.00069464,-0.00065342,-0.00043965,0.00086273
2021-01-04,0.00067033,-0.00064520,-0.00054924,0.00080485
2021-01-05,0.00065858,-0.00063825,-0.00064107,0.00074193
2021-01-06,0.00065541,-0.00063255,-0.00070804,0.00067466
2021-01-07,0.00065524,-0.00062785,-0.00074868,0.00060378
2021-01-08,0.00065156,-0.00062371,-0.00076746,0.00053007
2021-01-09,0.00063764,-0.00061954,-0.00077364,0.00045437
2021-01-10,0.00060740,-0.00061457,-0.00077895,0.00037750
2021-01-11,0.00055611,-0.00060794,-0.00079471,0.00030030
2021-01-12,0.00048096,-0.00059871,-0.00082894,0.00022361
2021-01-13,0.00038147,-0.00058594,-0.00088445,0.00014821
2021-01-14,0.00025960,-0.00056868,-0.00095803,0.00007485
2021-01-15,0.00011963,-0.00054607,-0.00104125,0.00000425
2021-01-16,-0.00003229,-0.00051734,-0.00112246,-0.00006298
2021-01-17,-0.00018867,-0.00048189,-0.00118965,-0.00012628
2021-01-18,-0.00034149,-0.00043931,-0.00123332,-0.00018519
2021-01-19,-0.00048295,-0.00038937,-0.00124882,-0.00023934
2021-01-20,-0.00060632,-0.00033211,-0.00123743,-0.00028845
2021-01-21,-0.00070654,-0.00026780,-0.00120606,-0.00033237
2021-01-22,-0.00078075,-0.00019694,-0.00116554,-0.00037102
2021-01-23,-0.00082853,-0.00012030,-0.00112794,-0.00040446
2021-01-24,-0.00085188,-0.00003883,-0.00110361,-0.00043281
2021-01-25,-0.00085493,0.00004630,-0.00109867,-0.00045631
2021-01-26,-0.00084344,0.00013378,-0.00111348,-0.00047529
2021-01-27,-0.00082411,0.00022216,-0.00114257,-0.00049015
2021-01-28,-0.00080381,0.00030994,-0.00117597,-0.00050135
2021-01-29,-0.00078877,0.00039558,-0.00120169,-0.00050943
2021-01-30,-0.00078387,0.00047757,-0.00120863,-0.00051495
2021-01-31,-0.00079206,0.00055448,-0.00118935,-0.00051853
2021-02-01,-0.00081405,0.00062498,-0.00114190,-0.00052076
2021-02-02,-0.00084818,0.00068792,-0.00107031,-0.00052228
2021-02-03,-0.00089062,0.00074235,-0.00098362,-0.00052368
2021-02-04,-0.00093578,0.00078755,-0.00089375,-0.00052556
2021-02-05,-0.00097694,0.00082302,-0.00081255,-0.00052845
2021-02-06,-0.00100702,0.00084855,-0.00074896,-0.00053283
2021-02-07,-0.00101933,0.00086419,-0.00070687,-0.00053912
2021-02-08,-0.00100839,0.00087021,-0.00068420,-0.00054768
2021-02-09,-0.00097055,0.00086717,-0.00067343,-0.00055877
2021-02-10,-0.00090440,0.00085578,-0.00066353,-0.00057256
2021-02-11,-0.00081103,0.00083698,-0.00064266,-0.00058913
2021-02-12,-0.00069390,0.00081181,-0.00060117,-0.00060847
2021-02-13,-0.00055857,0.00078142,-0.00053396,-0.00063047
2021-02-14,-0.00041210,0.00074702,-0.00044181,-0.00065491
2021-02-15,-0.00026239,0.00070979,-0.00033126,-0.00068150
2021-02-16,-0.00011730,0.00067089,-0.00021302,-0.00070985
2021-02-17,0.00001603,0.00063138,-0.00009945,-0.00073949
2021-02-18,0.00013202,0.00059217,-0.00000155,-0.00076988
2021-02-19,0.00022709,0.00055405,0.00007363,-0.00080043
2021-02-20,0.00030003,0.00051758,0.00012472,-0.00083050
2021-02-21,0.00035203,0.00048314,0.00015623,-0.00085940
2021-02-22,0.00038651,0.00045088,0.00017744,-0.00088645
2021-02-23,0.00040861,0.00042074,0.00020007,-0.00091093
2021-02-24,0.00042462,0.00039245,0.00023532,-0.00093217
2021-02-25,0.00044114,0.00036558,0.00029109,-0.00094947
2021-02-26,0.00046436,0.00033952,0.00036999,-0.00096223
2021-02-27,0.00049926,0.00031355,0.00046863,-0.00096985
2021-02-28,0.00054901,0.00028684,0.00057843,-0.00097182
2021-03-01,0.00061457,0.00025856,0.00068761,-0.00096771
2021-03-02,0.00069455,0.00022784,0.00078407,-0.00095716
2021-03-03,0.00078526,0.00019391,0.00085830,-0.00093991
2021-03-04,0.00088115,0.00015605,0.00090562,-0.00091580
2021-03-05,0.00097530,0.00011370,0.00092731,-0.00088479
2021-03-06,0.00106022,0.00006646,0.00093027,-0.00084693
2021-03-07,0.00112863,0.00001411,0.00092523,-0.00080238
2021-03-08,0.00117423,-0.00004331,0.00092415,-0.00075142
2021-03-09,0.00119238,-0.00010557,0.00093719,-0.00069442
2021-03-10,0.00118065,-0.00017219,0.00097027,-0.00063186
2021-03-11,0.00113905,-0.00024247,0.00102348,-0.00056430
2021-03-12,0.00107004,-0.00031550,0.00109114,-0.00049237
2021-03-13,0.00097829,-0.00039019,0.00116310,-0.00041679
2021-03-14,0.00087022,-0.00046530,0.00122720,-0.00033834
2021-03-15,0.00075324,-0.00053947,0.00127226,-0.00025781
2021-03-16,0.00063507,-0.00061129,0.00129081,-0.00017605
2021-03-17,0.00052286,-0.00067931,0.00128084,-0.00009392
2021-03-18,0.00042249,-0.00074212,0.00124637,-0.00001226
2021-03-19,0.00033794,-0.00079840,0.00119639,0.00006808
2021-03-20,0.00027097,-0.00084693,0.00114271,0.00014631
2021-03-21,0.00022093,-0.00088668,0.00109701,0.00022166
2021-03-22,0.00018491,-0.00091681,0.00106806,0.00029343
2021-03-23,0.00015817,-0.00093670,0.00105952,0.00036098
2021-03-24,0.00013468,-0.00094600,0.00106907,0.00042378
2021-03-25,0.00010789,-0.00094463,0.00108904,0.00048135
2021-03-26,0.00007152,-0.00093276,0.00110821,0.00053334
2021-03-27,0.00002031,-0.00091082,0.00111469,0.00057948
2021-03-28,-0.00004928,-0.00087948,0.00109877,0.00061961
2021-03-29,-0.00013867,-0.00083963,0.00105536,0.00065369
2021-03-30,-0.00024685,-0.00079235,0.00098528,0.00068177
2021-03-31,-0.00037049,-0.00073885,0.00089507,0.00070400
2021-04-01,-0.00050420,-0.00068044,0.00079543,0.00072065
2021-04-02,-0.00064106,-0.00061848,0.00069865,0.00073206
2021-04-03,-0.00077332,-0.00055434,0.00061563,0.00073864
2021-04-04,-0.00089318,-0.00048934,0.00055327,0.00074089
2021-04-05,-0.00099362,-0.00042469,0.00051281,0.00073938
2021-04-06,-0.00106911,-0.00036151,0.00048958,0.00073468
2021-04-07,-0.00111614,-0.00030071,0.00047422,0.00072744
2021-04-08,-0.00113363,-0.00024303,0.00045498,0.00071831
2021-04-09,-0.00112296,-0.00018899,0.00042067,0.00070792
2021-04-10,-0.00108782,-0.00013889,0.00036348,0.00069693
2021-04-11,-0.00103378,-0.00009280,0.00028090,0.00068594
2021-04-12,-0.00096764,-0.00005057,0.00017643,0.00067553
2021-04-13,-0.00089671,-0.00001186,0.00005875,0.00066622
2021-04-14,-0.00082798,0.00002385,-0.00006030,0.00065847
2021-04-15,-0.00076737,0.00005721,-0.00016861,0.00065266
2021-04-16,-0.00071907,0.00008898,-0.00025669,0.00064909
2021-04-17,-0.00068514,0.00011999,-0.00031992,0.00064798
2021-04-18,-0.00066526,0.00015106,-0.00035962,0.00064944
2021-04-19,-0.00065684,0.00018299,-0.00038272,0.00065351
2021-04-20,-0.00065533,0.00021651,-0.00039992,0.00066010
2021-04-21,-0.00065475,0.00025222,-0.00042310,0.00066906
2021-04-22,-0.00064844,0.00029060,-0.00046230,0.00068011
2021-04-23,-0.00062980,0.00033191,-0.00052321,0.00069292
2021-04-24,-0.00059311,0.00037623,-0.00060577,0.00070705
2021-04-25,-0.00053420,0.00042342,-0.00070407,0.00072201
2021-04-26,-0.00045101,0.00047311,-0.00080780,0.00073725
2021-04-27,-0.00034386,0.00052473,-0.00090470,0.00075216
2021-04-28,-0.00021550,0.00057750,-0.00098351,0.00076612
2021-04-29,-0.00007085,0.00063048,-0.00103672,0.00077845
2021-04-30,0.00008339,0.00068255,-0.00106231,0.00078851
2021-05-01,0.00023950,0.00073253,-0.00106427,0.00079564
2021-05-02,0.00038942,0.00077912,-0.00105155,0.00079921
2021-05-03,0.00052563,0.00082106,-0.00103583,0.00079862
2021-05-04,0.00064187,0.00085708,-0.00102866,0.00079334
2021-05-05,0.00073377,0.00088599,-0.00103857,0.00078289
2021-05-06,0.00079926,0.00090674,-0.00106901,0.00076687
2021-05-07,0.00083871,0.00091844,-0.00111743,0.00074495
2021-05-08,0.00085486,0.00092040,-0.00117591,0.00071692
2021-05-09,0.00085246,0.00091214,-0.00123309,0.00068264
2021-05-10,0.00083764,0.00089346,-0.00127694,0.00064210
2021-05-11,0.00081725,0.00086441,-0.00129769,0.00059539
2021-05-12,0.00079804,0.00082530,-0.00129023,0.00054269
2021-05-13,0.00078586,0.00077670,-0.00125535,0.00048430
2021-05-14,0.00078503,0.00071942,-0.00119956,0.00042062
2021-05-15,0.00079778,0.00065448,-0.00113350,0.00035214
2021-05-16,0.00082403,0.00058310,-0.00106933,0.00027944
2021-05-17,0.00086140,0.00050661,-0.00101779,0.00020319
2021-05-18,0.00090542,0.00042647,-0.00098560,0.00012410
2021-05-19,0.00095004,0.00034415,-0.00097377,0.00004296
2021-05-20,0.00098835,0.00026114,-0.00097745,-0.00003942
2021-05-21,0.00101330,0.00017890,-0.00098711,-0.00012219
2021-05-22,0.00101853,0.00009876,-0.00099091,-0.00020450
2021-05-23,0.00099908,0.00002192,-0.00097761,-0.00028548
2021-05-24,0.00095200,-0.00005058,-0.00093940,-0.00036431
2021-05-25,0.00087670,-0.00011792,-0.00087381,-0.00044019
2021-05-26,0.00077506,-0.00017950,-0.00078439,-0.00051236
2021-05-27,0.00065127,-0.00023494,-0.00067985,-0.00058013
2021-05-28,0.00051146,-0.00028413,-0.00057199,-0.00064289
2021-05-29,0.00036305,-0.00032717,-0.00047288,-0.00070010
2021-05-30,0.00021400,-0.00036436,-0.00039190,-0.00075131
2021-05-31,0.00007204,-0.00039623,-0.00033357,-0.00079619
2021-06-01,-0.00005614,-0.00042344,-0.00029640,-0.00083448
2021-06-02,-0.00016556,-0.00044678,-0.00027342,-0.00086607
2021-06-03,-0.00025340,-0.00046710,-0.00025385,-0.00089092
